{"cameraMode":{"drawMode":0,"name":"Shaded","section":"Shading Mode"},"sceneLighting":true,"audioPlay":false,"sceneViewState":{"showFog":true,"showMaterialUpdate":true,"showSkybox":true,"showFlares":true,"showImageEffects":true,"showParticleSystems":true},"in2DMode":false,"pivot":{"x":-2.9585728645324709,"y":5.96901798248291,"z":-12.234375953674317},"rotation":{"x":0.20599983632564546,"y":0.36286282539367678,"z":-0.08265024423599243,"w":0.9050902724266052},"size":2.795705795288086,"orthographic":false}