{"cameraMode":{"drawMode":0,"name":"Shaded","section":"Shading Mode"},"sceneLighting":true,"audioPlay":false,"sceneViewState":{"showFog":true,"showMaterialUpdate":true,"showSkybox":true,"showFlares":true,"showImageEffects":true,"showParticleSystems":true},"in2DMode":false,"pivot":{"x":-0.034712255001068118,"y":0.4335063099861145,"z":-0.07743263244628906},"rotation":{"x":-0.04149555787444115,"y":0.9570371508598328,"z":-0.22844013571739198,"w":-0.1738518476486206},"size":2.3081765174865724,"orthographic":false}