{"cameraMode":{"drawMode":0,"name":"Shaded","section":"Shading Mode"},"sceneLighting":false,"audioPlay":false,"sceneViewState":{"showFog":true,"showMaterialUpdate":true,"showSkybox":false,"showFlares":true,"showImageEffects":true,"showParticleSystems":true},"in2DMode":false,"pivot":{"x":5.801474094390869,"y":0.9869999885559082,"z":-0.08347649872303009},"rotation":{"x":0.26749932765960696,"y":-0.1293230801820755,"z":0.03620322421193123,"w":0.9542179703712463},"size":1.4664384126663209,"orthographic":false}